-- =============================================
-- 食材库存管理系统 - 测试数据脚本
-- 对应 models 定义
-- =============================================

SET NAMES utf8mb4;
SET FOREIGN_KEY_CHECKS = 0;

-- ---------------------------------------------
-- 用户数据
-- 密码: 123456 (bcrypt哈希)
-- ---------------------------------------------
INSERT INTO `users` (`id`, `username`, `password`, `realName`, `role`, `status`) VALUES
(1, 'admin',    '$2a$10$gdQ3O9Zzszfp/uInFUmWIOKHlx9suemEScz4fe0Gv0SgMwmAuiFIC', '管理员',   'admin', 1),
(2, 'operator', '$2a$10$gdQ3O9Zzszfp/uInFUmWIOKHlx9suemEScz4fe0Gv0SgMwmAuiFIC', '操作员',   'staff', 1);

-- ---------------------------------------------
-- 供应商数据
-- ---------------------------------------------
INSERT INTO `suppliers` (`id`, `name`, `contact`, `phone`, `address`, `remark`, `status`) VALUES
(1,  '绿源蔬菜批发有限公司', '张经理', '13800138001', '北京市朝阳区蔬菜批发市场A区10号',     '长期合作, 品质稳定', 1),
(2,  '鲜肉直供食品有限公司', '李总',   '13800138002', '北京市丰台区肉类加工产业园B栋',       '冷鲜猪肉/牛肉供应商', 1),
(3,  '海之鲜水产贸易公司',   '王老板', '13800138003', '北京市海淀区水产批发市场2楼',         '主营海鲜水产', 1),
(4,  '香满园调味品有限公司', '陈经理', '13800138004', '河北省廊坊市香河县工业园区8号',       '各类调料/酱料', 1),
(5,  '五谷丰登干货商行',     '赵女士', '13800138005', '北京市东城区干货批发市场A12',         '米面粮油/干货', 1),
(6,  '鲜果园果蔬配送中心',   '孙先生', '13800138006', '北京市通州区农产品物流园',           '水果蔬菜配送', 1),
(7,  '福润禽业有限公司',     '周经理', '13800138007', '山东省潍坊市昌乐县食品工业园',       '鸡鸭鹅等禽类产品', 1),
(8,  '川味调料厂北京直销',   '吴总',   '13800138008', '四川省成都市郫都区安德镇',           '川菜调料/火锅底料', 1),
(9,  '东北大米产地直供',     '郑老板', '13800138009', '黑龙江省五常市民乐乡',               '五常大米/东北特产', 1),
(10, '进口食材贸易有限公司', '钱经理', '13800138010', '上海市浦东新区外高桥保税区',         '进口牛羊肉/芝士/黄油', 1);

-- ---------------------------------------------
-- 食材分类数据 (二级分类结构)
-- ---------------------------------------------
INSERT INTO `categories` (`id`, `name`, `parentId`, `sort`, `remark`) VALUES
-- 一级分类
(1, '蔬菜类',  NULL, 1, '新鲜蔬菜'),
(2, '肉类',    NULL, 2, '猪牛羊鸡鸭等'),
(3, '水产类',  NULL, 3, '鱼虾蟹贝等'),
(4, '调料类',  NULL, 4, '油盐酱醋香料等'),
(5, '干货类',  NULL, 5, '米面粮油干货'),
(6, '水果类',  NULL, 6, '新鲜水果'),
-- 二级分类
(7,  '叶菜类',   1, 1, '绿叶蔬菜'),
(8,  '根茎类',   1, 2, '土豆萝卜等'),
(9,  '茄果类',   1, 3, '番茄青椒等'),
(10, '猪肉类',   2, 1, NULL),
(11, '牛羊肉类', 2, 2, NULL),
(12, '禽肉类',   2, 3, NULL),
(13, '鱼类',     3, 1, NULL),
(14, '虾蟹贝类', 3, 2, NULL),
(15, '粮油调料', 4, 1, NULL),
(16, '香辛料',   4, 2, NULL),
(17, '米面类',   5, 1, NULL),
(18, '干货菌类', 5, 2, NULL);

-- ---------------------------------------------
-- 食材信息数据
-- ---------------------------------------------
INSERT INTO `ingredients` (`id`, `name`, `categoryId`, `unit`, `spec`, `warningStock`, `shelfLifeDays`, `remark`, `status`) VALUES
-- 叶菜类 (7)
(1,  '大白菜',    7, 'kg', '约2kg/棵',    50.00,  3,  '普通白菜', 1),
(2,  '生菜',      7, 'kg', '约300g/棵',   30.00,  2,  '叶用莴苣', 1),
(3,  '菠菜',      7, 'kg', NULL,           20.00,  2,  NULL,       1),
-- 根茎类 (8)
(4,  '土豆',      8, 'kg', NULL,           100.00, 7,  '马铃薯',   1),
(5,  '胡萝卜',    8, 'kg', NULL,           50.00,  7,  NULL,       1),
-- 茄果类 (9)
(6,  '西红柿',    9, 'kg', NULL,           40.00,  3,  '番茄',     1),
(7,  '黄瓜',      9, 'kg', NULL,           30.00,  3,  NULL,       1),
(8,  '青椒',      9, 'kg', NULL,           25.00,  3,  '大椒',     1),
-- 猪肉类 (10)
(9,  '猪里脊肉',  10, 'kg', NULL,           30.00,  2,  '瘦肉',     1),
(10, '猪五花肉',  10, 'kg', NULL,           40.00,  2,  '三层肉',   1),
-- 牛羊肉类 (11)
(11, '牛腱子肉',  11, 'kg', NULL,           20.00,  3,  '牛腿肉',   1),
(12, '牛腩',      11, 'kg', NULL,           25.00,  3,  NULL,       1),
-- 禽肉类 (12)
(13, '鸡胸肉',    12, 'kg', NULL,           30.00,  2,  '鸡脯肉',   1),
(14, '鸡腿',      12, 'kg', '约200g/只',    40.00,  2,  NULL,       1),
-- 鱼类 (13)
(15, '草鱼',      13, 'kg', '约2kg/条',     20.00,  1,  '鲩鱼',     1),
(16, '鲈鱼',      13, 'kg', '约500g/条',    15.00,  1,  NULL,       1),
-- 虾蟹贝类 (14)
(17, '基围虾',    14, 'kg', NULL,           15.00,  1,  NULL,       1),
(18, '花甲',      14, 'kg', NULL,           20.00,  1,  '花蛤',     1),
-- 粮油调料 (15)
(19, '生抽酱油',  15, '瓶', '500ml/瓶',     50.00,  30, NULL,       1),
(20, '老陈醋',    15, '瓶', '500ml/瓶',     30.00,  30, NULL,       1),
(21, '食用盐',    15, '袋', '400g/袋',      100.00, 60, '加碘盐',   1),
(22, '白糖',      15, 'kg', NULL,           50.00,  30, '白砂糖',   1),
(25, '郫县豆瓣酱',15, '瓶', '500g/瓶',      30.00,  30, NULL,       1),
-- 香辛料 (16)
(23, '花椒',      16, 'kg', NULL,           10.00,  60, NULL,       1),
(24, '八角',      16, 'kg', NULL,           10.00,  60, '大料',     1),
-- 米面类 (17)
(26, '五常大米',  17, 'kg', '10kg/袋',      200.00, 60, '东北大米', 1),
(27, '面粉',      17, 'kg', '25kg/袋',      150.00, 45, '中筋粉',   1),
-- 干货菌类 (18)
(28, '香菇(干)',  18, 'kg', NULL,           20.00,  90, NULL,       1),
(29, '木耳(干)',  18, 'kg', NULL,           15.00,  90, NULL,       1),
-- 水果类 (6)
(30, '苹果',      6, 'kg', NULL,           50.00,  7,  '红富士',   1);

-- ---------------------------------------------
-- 库存批次数据 (FIFO批次管理)
-- ---------------------------------------------
INSERT INTO `inventory_batches` (`id`, `batchNo`, `ingredientId`, `supplierId`, `inboundDate`, `expireDate`, `quantity`, `originalQuantity`, `unitPrice`, `remark`, `status`) VALUES
-- 大白菜
(1,  'BATCH20260601000001', 1,  1, '2026-06-01 08:30:00', '2026-06-10 23:59:59', 80.00,  80.00,  2.50,  '日常采购', 1),
(2,  'BATCH20260605000001', 1,  6, '2026-06-05 09:00:00', '2026-06-14 23:59:59', 60.00,  60.00,  2.80,  '补充叶菜', 1),
-- 土豆
(3,  'BATCH20260520000001', 4,  1, '2026-05-20 10:00:00', '2026-06-27 23:59:59', 150.00, 150.00, 3.20,  '月采购',   1),
(4,  'BATCH20260603000001', 4,  6, '2026-06-03 08:00:00', '2026-07-10 23:59:59', 100.00, 100.00, 3.50,  '补库',     1),
-- 西红柿
(5,  'BATCH20260602000001', 6,  1, '2026-06-02 10:30:00', '2026-06-12 23:59:59', 60.00,  60.00,  5.50,  '日常采购', 1),
-- 猪里脊肉
(6,  'BATCH20260606000001', 9,  2, '2026-06-06 07:30:00', '2026-06-09 23:59:59', 40.00,  40.00,  28.00, '鲜肉到货', 1),
(7,  'BATCH20260607000001', 9,  2, '2026-06-07 07:30:00', '2026-06-10 23:59:59', 35.00,  35.00,  29.00, '鲜肉补货', 1),
-- 猪五花肉
(8,  'BATCH20260606000002', 10, 2, '2026-06-06 07:30:00', '2026-06-09 23:59:59', 50.00,  50.00,  25.00, '鲜肉到货', 1),
-- 牛腱子肉
(9,  'BATCH20260605000002', 11, 10,'2026-06-05 14:00:00', '2026-06-12 23:59:59', 30.00,  30.00,  58.00, '进口牛肉', 1),
-- 牛腩
(10, 'BATCH20260604000001', 12, 10,'2026-06-04 14:00:00', '2026-06-11 23:59:59', 35.00,  35.00,  52.00, '进口牛肉', 1),
-- 鸡胸肉
(11, 'BATCH20260606000003', 13, 7, '2026-06-06 08:00:00', '2026-06-09 23:59:59', 45.00,  45.00,  18.00, '禽类采购', 1),
-- 草鱼
(12, 'BATCH20260607000002', 15, 3, '2026-06-07 09:00:00', '2026-06-08 23:59:59', 25.00,  25.00,  15.00, '水产到货', 1),
-- 基围虾
(13, 'BATCH20260607000003', 17, 3, '2026-06-07 09:00:00', '2026-06-08 23:59:59', 20.00,  20.00,  55.00, '水产到货', 1),
-- 生抽酱油
(14, 'BATCH20260301000001', 19, 4, '2026-03-01 10:00:00', '2027-03-01 23:59:59', 80.00,  80.00,  12.00, '调料采购', 1),
(15, 'BATCH20260501000001', 19, 8, '2026-05-01 10:00:00', '2027-05-01 23:59:59', 60.00,  60.00,  12.50, '调料采购', 1),
-- 食用盐
(16, 'BATCH20260115000001', 21, 4, '2026-01-15 10:00:00', '2028-01-15 23:59:59', 200.00, 200.00, 2.50,  '调料采购', 1),
-- 五常大米
(17, 'BATCH20260401000001', 26, 9, '2026-04-01 10:00:00', '2026-10-01 23:59:59', 300.00, 300.00, 8.50,  '春季囤货', 1),
(18, 'BATCH20260601000002', 26, 9, '2026-06-01 10:00:00', '2026-12-01 23:59:59', 150.00, 150.00, 9.00,  '新米入库', 1),
-- 面粉
(19, 'BATCH20260510000001', 27, 5, '2026-05-10 10:00:00', '2026-08-10 23:59:59', 200.00, 200.00, 4.50,  '干货采购', 1),
-- 郫县豆瓣酱
(20, 'BATCH20260201000001', 25, 8, '2026-02-01 10:00:00', '2027-02-01 23:59:59', 50.00,  50.00,  15.00, '调料采购', 1),
-- 苹果
(21, 'BATCH20260603000002', 30, 6, '2026-06-03 10:00:00', '2026-06-17 23:59:59', 80.00,  80.00,  6.00,  '水果采购', 1),
-- 香菇(干)
(22, 'BATCH20260315000001', 28, 5, '2026-03-15 10:00:00', '2027-03-15 23:59:59', 40.00,  40.00,  60.00, '干货采购', 1);

-- ---------------------------------------------
-- 入库记录数据 (单头模式)
-- ---------------------------------------------
INSERT INTO `inbounds` (`id`, `inboundNo`, `supplierId`, `inboundDate`, `totalAmount`, `operatorId`, `remark`) VALUES
(1,  'IN20260601000001', 1,  '2026-06-01 08:30:00', 200.00,   1, '日常采购入库'),
(2,  'IN20260520000001', 1,  '2026-05-20 10:00:00', 480.00,   1, '月采购'),
(3,  'IN20260602000001', 1,  '2026-06-02 10:30:00', 330.00,   2, '日常采购'),
(4,  'IN20260603000001', 6,  '2026-06-03 08:00:00', 830.00,   2, '补库'),
(5,  'IN20260605000001', 6,  '2026-06-05 09:00:00', 168.00,   2, '补充叶菜'),
(6,  'IN20260605000002', 10, '2026-06-05 14:00:00', 1740.00,  1, '进口牛肉'),
(7,  'IN20260606000001', 2,  '2026-06-06 07:30:00', 3180.00,  2, '鲜肉到货'),
(8,  'IN20260606000002', 7,  '2026-06-06 08:00:00', 810.00,   2, '禽类采购'),
(9,  'IN20260607000001', 2,  '2026-06-07 07:30:00', 1015.00,  2, '鲜肉补货'),
(10, 'IN20260607000002', 3,  '2026-06-07 09:00:00', 1475.00,  2, '水产到货'),
(11, 'IN20260401000001', 9,  '2026-04-01 10:00:00', 2550.00,  1, '春季囤货'),
(12, 'IN20260601000002', 9,  '2026-06-01 10:00:00', 1350.00,  1, '新米入库');

-- ---------------------------------------------
-- 出库记录数据 (单头模式)
-- ---------------------------------------------
INSERT INTO `outbounds` (`id`, `outboundNo`, `outboundDate`, `outboundType`, `totalAmount`, `operatorId`, `remark`) VALUES
(1, 'OUT20260606000001', '2026-06-06 11:00:00', 'normal', 100.00,  2, '厨房日常领用'),
(2, 'OUT20260606000002', '2026-06-06 11:00:00', 'normal', 700.00,  2, '厨房日常领用'),
(3, 'OUT20260606000003', '2026-06-06 11:00:00', 'normal', 425.00,  2, '大米领用'),
(4, 'OUT20260606000004', '2026-06-06 11:00:00', 'normal', 96.00,   2, '土豆丝备料'),
(5, 'OUT20260606000005', '2026-06-06 11:00:00', 'normal', 60.00,   2, '厨房日常领用'),
(6, 'OUT20260606000006', '2026-06-06 11:00:00', 'normal', 500.00,  2, '红烧肉备料'),
(7, 'OUT20260606000007', '2026-06-06 11:00:00', 'normal', 270.00,  2, '宫保鸡丁备料'),
(8, 'OUT20260607000001', '2026-06-07 10:00:00', 'normal', 255.00,  1, '周末加餐'),
(9, 'OUT20260607000002', '2026-06-07 10:00:00', 'normal', 52.00,   2, '醋溜白菜备料');

-- ---------------------------------------------
-- 出库明细数据
-- ---------------------------------------------
INSERT INTO `outbound_items` (`id`, `outboundId`, `ingredientId`, `quantity`, `unitPrice`, `amount`, `batchDetails`) VALUES
-- 出库单1: 大白菜 40kg, 从批次1扣减
(1, 1, 1,  40.00, 2.50, 100.00,
 '[{"batchId":1,"batchNo":"BATCH20260601000001","deductQty":40.00,"unitPrice":2.50,"amount":"100.00"}]'),
-- 出库单2: 猪里脊肉 25kg, 从批次6扣减
(2, 2, 9,  25.00, 28.00, 700.00,
 '[{"batchId":6,"batchNo":"BATCH20260606000001","deductQty":25.00,"unitPrice":28.00,"amount":"700.00"}]'),
-- 出库单3: 五常大米 50kg, 从批次17扣减
(3, 3, 26, 50.00, 8.50, 425.00,
 '[{"batchId":17,"batchNo":"BATCH20260401000001","deductQty":50.00,"unitPrice":8.50,"amount":"425.00"}]'),
-- 出库单4: 土豆 30kg, 从批次3扣减
(4, 4, 4,  30.00, 3.20, 96.00,
 '[{"batchId":3,"batchNo":"BATCH20260520000001","deductQty":30.00,"unitPrice":3.20,"amount":"96.00"}]'),
-- 出库单5: 生抽酱油 5瓶, 从批次14扣减
(5, 5, 19, 5.00,  12.00, 60.00,
 '[{"batchId":14,"batchNo":"BATCH20260301000001","deductQty":5.00,"unitPrice":12.00,"amount":"60.00"}]'),
-- 出库单6: 猪五花肉 20kg, 从批次8扣减
(6, 6, 10, 20.00, 25.00, 500.00,
 '[{"batchId":8,"batchNo":"BATCH20260606000002","deductQty":20.00,"unitPrice":25.00,"amount":"500.00"}]'),
-- 出库单7: 鸡胸肉 15kg, 从批次11扣减
(7, 7, 13, 15.00, 18.00, 270.00,
 '[{"batchId":11,"batchNo":"BATCH20260606000003","deductQty":15.00,"unitPrice":18.00,"amount":"270.00"}]'),
-- 出库单8: 五常大米 30kg, 从批次17扣减
(8, 8, 26, 30.00, 8.50, 255.00,
 '[{"batchId":17,"batchNo":"BATCH20260401000001","deductQty":30.00,"unitPrice":8.50,"amount":"255.00"}]'),
-- 出库单9: 大白菜 20kg, 从批次1扣减
(9, 9, 1,  20.00, 2.50, 52.00,
 '[{"batchId":1,"batchNo":"BATCH20260601000001","deductQty":20.00,"unitPrice":2.50,"amount":"50.00"}]');

-- ---------------------------------------------
-- 盘点记录数据
-- ---------------------------------------------
INSERT INTO `stocktakes` (`id`, `stocktakeNo`, `stocktakeDate`, `status`, `operatorId`, `remark`) VALUES
(1, 'PD20260605000001', '2026-06-05 14:00:00', 'confirmed', 1, '周盘点'),
(2, 'PD20260607000001', '2026-06-07 16:00:00', 'draft',     2, '临时抽盘');

-- ---------------------------------------------
-- 盘点明细数据
-- ---------------------------------------------
INSERT INTO `stocktake_items` (`id`, `stocktakeId`, `ingredientId`, `systemQuantity`, `actualQuantity`, `diffQuantity`, `remark`) VALUES
(1, 1, 1,  140.00, 138.00, -2.00, '损耗2kg'),
(2, 1, 4,  250.00, 248.50, -1.50, '少量损耗'),
(3, 1, 9,  40.00,  40.00,   0.00, '账实相符'),
(4, 1, 26, 450.00, 450.00,  0.00, '账实相符'),
(5, 2, 6,  60.00,  58.50,  -1.50, '轻微腐烂'),
(6, 2, 15, 25.00,  24.00,  -1.00, '水产损耗');

-- ---------------------------------------------
-- 预警配置数据
-- ---------------------------------------------
INSERT INTO `warning_configs` (`id`, `warningType`, `ingredientId`, `thresholdValue`, `enabled`) VALUES
-- 库存预警
(1,  'stock', 1,  50.00,  1),
(2,  'stock', 4,  100.00, 1),
(3,  'stock', 6,  40.00,  1),
(4,  'stock', 9,  30.00,  1),
(5,  'stock', 11, 20.00,  1),
(6,  'stock', 15, 20.00,  1),
(7,  'stock', 17, 15.00,  1),
(8,  'stock', 26, 200.00, 1),
(9,  'stock', 27, 150.00, 1),
(10, 'stock', 30, 50.00,  1),
-- 过期预警 - 全局配置
(11, 'expire', NULL, 7,      1),
-- 过期预警 - 个别食材
(12, 'expire', 15, 2,       1),
(13, 'expire', 17, 2,       1),
(14, 'expire', 9,  3,       1);

-- ---------------------------------------------
-- 预警日志数据
-- ---------------------------------------------
INSERT INTO `warning_logs` (`id`, `warningType`, `ingredientId`, `batchId`, `currentValue`, `thresholdValue`, `message`, `status`, `handledBy`, `handledAt`) VALUES
(1, 'expire', 15, 12, 1,      2,      '草鱼批次[BATCH20260607000002]即将过期，剩余 1 天',         'pending', NULL, NULL),
(2, 'expire', 17, 13, 1,      2,      '基围虾批次[BATCH20260607000003]即将过期，剩余 1 天',       'pending', NULL, NULL),
(3, 'expire', 9,  6,  2,      3,      '猪里脊肉批次[BATCH20260606000001]即将过期，剩余 2 天',     'pending', NULL, NULL),
(4, 'stock',  26, NULL, 220.00, 200.00, '五常大米 库存不足，当前库存: 220，阈值: 200',            'handled', 1, '2026-06-07 10:30:00');

SET FOREIGN_KEY_CHECKS = 1;
