-- =============================================
-- 食材库存管理系统 - 测试数据脚本
-- =============================================

SET NAMES utf8mb4;
SET FOREIGN_KEY_CHECKS = 0;

-- ---------------------------------------------
-- 用户数据
-- 密码: 123456 (bcrypt哈希)
-- ---------------------------------------------
INSERT INTO `users` (`id`, `username`, `password`, `real_name`, `role`) VALUES
(1, 'admin',    '$2y$10$92IXUNpkjO0rOQ5byMi.Ye4oKoEa3Ro9llC/.og/at2.uheWG/igi', '系统管理员', 'admin'),
(2, 'operator', '$2y$10$92IXUNpkjO0rOQ5byMi.Ye4oKoEa3Ro9llC/.og/at2.uheWG/igi', '仓库管理员', 'operator');

-- ---------------------------------------------
-- 供应商数据 (10条)
-- ---------------------------------------------
INSERT INTO `suppliers` (`id`, `name`, `contact`, `phone`, `address`, `remark`) VALUES
(1,  '绿源蔬菜批发有限公司', '张经理', '13800138001', '北京市朝阳区蔬菜批发市场A区10号',     '长期合作, 品质稳定'),
(2,  '鲜肉直供食品有限公司', '李总',   '13800138002', '北京市丰台区肉类加工产业园B栋',       '冷鲜猪肉/牛肉供应商'),
(3,  '海之鲜水产贸易公司',   '王老板', '13800138003', '北京市海淀区水产批发市场2楼',         '主营海鲜水产'),
(4,  '香满园调味品有限公司', '陈经理', '13800138004', '河北省廊坊市香河县工业园区8号',       '各类调料/酱料'),
(5,  '五谷丰登干货商行',     '赵女士', '13800138005', '北京市东城区干货批发市场A12',         '米面粮油/干货'),
(6,  '鲜果园果蔬配送中心',   '孙先生', '13800138006', '北京市通州区农产品物流园',           '水果蔬菜配送'),
(7,  '福润禽业有限公司',     '周经理', '13800138007', '山东省潍坊市昌乐县食品工业园',       '鸡鸭鹅等禽类产品'),
(8,  '川味调料厂北京直销',   '吴总',   '13800138008', '四川省成都市郫都区安德镇',           '川菜调料/火锅底料'),
(9,  '东北大米产地直供',     '郑老板', '13800138009', '黑龙江省五常市民乐乡',               '五常大米/东北特产'),
(10, '进口食材贸易有限公司', '钱经理', '13800138010', '上海市浦东新区外高桥保税区',         '进口牛羊肉/芝士/黄油');

-- ---------------------------------------------
-- 食材分类数据 (多级分类)
-- ---------------------------------------------
INSERT INTO `categories` (`id`, `name`, `parent_id`, `sort_order`) VALUES
-- 一级分类
(1,  '蔬菜',   0, 1),
(2,  '肉类',   0, 2),
(3,  '水产',   0, 3),
(4,  '调料',   0, 4),
(5,  '干货',   0, 5),
(6,  '水果',   0, 6),
-- 蔬菜二级分类
(7,  '叶菜类', 1, 1),
(8,  '根茎类', 1, 2),
(9,  '瓜果类', 1, 3),
-- 肉类二级分类
(10, '猪肉',   2, 1),
(11, '牛肉',   2, 2),
(12, '禽类',   2, 3),
-- 水产二级分类
(13, '鱼类',   3, 1),
(14, '虾蟹类', 3, 2),
(15, '贝类',   3, 3),
-- 调料二级分类
(16, '油盐酱醋', 4, 1),
(17, '香辛料',   4, 2),
(18, '复合调料', 4, 3),
-- 干货二级分类
(19, '米面类',   5, 1),
(20, '干果类',   5, 2),
(21, '菌菇类',   5, 3);

-- ---------------------------------------------
-- 食材信息数据 (20条以上)
-- ---------------------------------------------
INSERT INTO `ingredients` (`id`, `name`, `category_id`, `unit`, `safety_stock`, `shelf_life_warning_days`) VALUES
-- 蔬菜类
(1,  '大白菜',    7,  'kg',  50.00,  3),
(2,  '生菜',      7,  'kg',  30.00,  2),
(3,  '菠菜',      7,  'kg',  20.00,  2),
(4,  '土豆',      8,  'kg',  100.00, 7),
(5,  '胡萝卜',    8,  'kg',  50.00,  7),
(6,  '西红柿',    9,  'kg',  40.00,  3),
(7,  '黄瓜',      9,  'kg',  30.00,  3),
(8,  '青椒',      9,  'kg',  25.00,  3),
-- 肉类
(9,  '猪里脊肉',  10, 'kg',  30.00,  2),
(10, '猪五花肉',  10, 'kg',  40.00,  2),
(11, '牛腱子肉',  11, 'kg',  20.00,  3),
(12, '牛腩',      11, 'kg',  25.00,  3),
(13, '鸡胸肉',    12, 'kg',  30.00,  2),
(14, '鸡腿',      12, 'kg',  40.00,  2),
-- 水产类
(15, '草鱼',      13, 'kg',  20.00,  1),
(16, '鲈鱼',      13, 'kg',  15.00,  1),
(17, '基围虾',    14, 'kg',  15.00,  1),
(18, '花甲',      15, 'kg',  20.00,  1),
-- 调料类
(19, '生抽酱油',  16, '瓶',  50.00,  30),
(20, '老陈醋',    16, '瓶',  30.00,  30),
(21, '食用盐',    16, '袋',  100.00, 60),
(22, '白糖',      16, 'kg',  50.00,  30),
(23, '花椒',      17, 'kg',  10.00,  60),
(24, '八角',      17, 'kg',  10.00,  60),
(25, '郫县豆瓣酱', 18, '瓶',  30.00,  30),
-- 干货类
(26, '五常大米',  19, 'kg',  200.00, 60),
(27, '面粉',      19, 'kg',  150.00, 45),
(28, '香菇(干)',  21, 'kg',  20.00,  90),
(29, '木耳(干)',  21, 'kg',  15.00,  90),
-- 水果
(30, '苹果',      6,  'kg',  50.00,  7);

-- ---------------------------------------------
-- 库存批次数据 (FIFO批次管理)
-- ---------------------------------------------
INSERT INTO `inventory_batches` (`id`, `ingredient_id`, `batch_no`, `quantity`, `unit_price`, `expire_date`, `inbound_date`, `supplier_id`) VALUES
-- 大白菜
(1,  1,  'B20260601001',  80.00,  2.50,  '2026-06-10', '2026-06-01', 1),
(2,  1,  'B20260605001',  60.00,  2.80,  '2026-06-14', '2026-06-05', 6),
-- 土豆
(3,  4,  'B20260520001',  150.00, 3.20,  '2026-06-27', '2026-05-20', 1),
(4,  4,  'B20260603001',  100.00, 3.50,  '2026-07-10', '2026-06-03', 6),
-- 西红柿
(5,  6,  'B20260602001',  60.00,  5.50,  '2026-06-12', '2026-06-02', 1),
-- 猪里脊肉
(6,  9,  'B20260606001',  40.00,  28.00, '2026-06-09', '2026-06-06', 2),
(7,  9,  'B20260607001',  35.00,  29.00, '2026-06-10', '2026-06-07', 2),
-- 猪五花肉
(8,  10, 'B20260606002',  50.00,  25.00, '2026-06-09', '2026-06-06', 2),
-- 牛腱子肉
(9,  11, 'B20260605002',  30.00,  58.00, '2026-06-12', '2026-06-05', 10),
-- 牛腩
(10, 12, 'B20260604001',  35.00,  52.00, '2026-06-11', '2026-06-04', 10),
-- 鸡胸肉
(11, 13, 'B20260606003',  45.00,  18.00, '2026-06-09', '2026-06-06', 7),
-- 草鱼
(12, 15, 'B20260607002',  25.00,  15.00, '2026-06-08', '2026-06-07', 3),
-- 基围虾
(13, 17, 'B20260607003',  20.00,  55.00, '2026-06-08', '2026-06-07', 3),
-- 生抽酱油
(14, 19, 'B20260301001',  80.00,  12.00, '2027-03-01', '2026-03-01', 4),
(15, 19, 'B20260501001',  60.00,  12.50, '2027-05-01', '2026-05-01', 8),
-- 食用盐
(16, 21, 'B20260115001',  200.00, 2.50,  '2028-01-15', '2026-01-15', 4),
-- 五常大米
(17, 26, 'B20260401001',  300.00, 8.50,  '2026-10-01', '2026-04-01', 9),
(18, 26, 'B20260601002',  150.00, 9.00,  '2026-12-01', '2026-06-01', 9),
-- 面粉
(19, 27, 'B20260510001',  200.00, 4.50,  '2026-08-10', '2026-05-10', 5),
-- 郫县豆瓣酱
(20, 25, 'B20260201001',  50.00,  15.00, '2027-02-01', '2026-02-01', 8),
-- 苹果
(21, 30, 'B20260603002',  80.00,  6.00,  '2026-06-17', '2026-06-03', 6),
-- 香菇(干)
(22, 28, 'B20260315001',  40.00,  60.00, '2027-03-15', '2026-03-15', 5);

-- ---------------------------------------------
-- 入库记录数据
-- ---------------------------------------------
INSERT INTO `inbounds` (`id`, `ingredient_id`, `batch_id`, `quantity`, `unit`, `unit_price`, `total_price`, `supplier_id`, `expire_date`, `inbound_date`, `operator`, `remark`) VALUES
(1,  1,  1,  80.00,  'kg', 2.50,  200.00,   1,  '2026-06-10', '2026-06-01', 'admin',    '日常采购入库'),
(2,  4,  3,  150.00, 'kg', 3.20,  480.00,   1,  '2026-06-27', '2026-05-20', 'admin',    '月采购'),
(3,  6,  5,  60.00,  'kg', 5.50,  330.00,   1,  '2026-06-12', '2026-06-02', 'operator', '日常采购'),
(4,  4,  4,  100.00, 'kg', 3.50,  350.00,   6,  '2026-07-10', '2026-06-03', 'operator', '补库'),
(5,  1,  2,  60.00,  'kg', 2.80,  168.00,   6,  '2026-06-14', '2026-06-05', 'operator', '补充叶菜'),
(6,  11, 9,  30.00,  'kg', 58.00, 1740.00,  10, '2026-06-12', '2026-06-05', 'admin',    '进口牛肉'),
(7,  9,  6,  40.00,  'kg', 28.00, 1120.00,  2,  '2026-06-09', '2026-06-06', 'operator', '鲜肉到货'),
(8,  10, 8,  50.00,  'kg', 25.00, 1250.00,  2,  '2026-06-09', '2026-06-06', 'operator', '鲜肉到货'),
(9,  13, 11, 45.00,  'kg', 18.00, 810.00,   7,  '2026-06-09', '2026-06-06', 'operator', '禽类采购'),
(10, 9,  7,  35.00,  'kg', 29.00, 1015.00,  2,  '2026-06-10', '2026-06-07', 'operator', '鲜肉补货'),
(11, 15, 12, 25.00,  'kg', 15.00, 375.00,   3,  '2026-06-08', '2026-06-07', 'operator', '水产到货'),
(12, 17, 13, 20.00,  'kg', 55.00, 1100.00,  3,  '2026-06-08', '2026-06-07', 'operator', '水产到货'),
(13, 26, 17, 300.00, 'kg', 8.50,  2550.00,  9,  '2026-10-01', '2026-04-01', 'admin',    '春季囤货'),
(14, 26, 18, 150.00, 'kg', 9.00,  1350.00,  9,  '2026-12-01', '2026-06-01', 'admin',    '新米入库'),
(15, 30, 21, 80.00,  'kg', 6.00,  480.00,   6,  '2026-06-17', '2026-06-03', 'operator', '水果采购');

-- ---------------------------------------------
-- 出库记录数据
-- ---------------------------------------------
INSERT INTO `outbounds` (`id`, `ingredient_id`, `quantity`, `unit`, `total_price`, `purpose`, `operator`, `remark`) VALUES
(1,  1,  40.00, 'kg', 100.00,  '厨房日常领用', 'operator', '早餐/午餐食材'),
(2,  9,  25.00, 'kg', 700.00,  '厨房日常领用', 'operator', '午餐食材'),
(3,  26, 50.00, 'kg', 425.00, '厨房日常领用', 'operator', '大米领用'),
(4,  4,  30.00, 'kg', 96.00,  '厨房日常领用', 'operator', '土豆丝备料'),
(5,  19, 5.00,  '瓶', 60.00,  '厨房日常领用', 'operator', NULL),
(6,  10, 20.00, 'kg', 500.00, '厨房日常领用', 'operator', '红烧肉备料'),
(7,  13, 15.00, 'kg', 270.00, '厨房日常领用', 'operator', '宫保鸡丁备料'),
(8,  26, 30.00, 'kg', 255.00, '厨房日常领用', 'admin',    '周末加餐'),
(9,  1,  20.00, 'kg', 52.00,  '厨房日常领用', 'operator', '醋溜白菜备料');

-- ---------------------------------------------
-- 出库明细-批次扣减数据 (FIFO先进先出)
-- ---------------------------------------------
-- 出库单1: 大白菜 40kg, 从批次1(B20260601001, 80kg→40kg)扣减
INSERT INTO `outbound_items` (`id`, `outbound_id`, `batch_id`, `quantity`, `unit_price`) VALUES
(1, 1, 1,  40.00, 2.50);

-- 出库单2: 猪里脊肉 25kg, 从批次6(B20260606001, 40kg→15kg)扣减
INSERT INTO `outbound_items` (`id`, `outbound_id`, `batch_id`, `quantity`, `unit_price`) VALUES
(2, 2, 6,  25.00, 28.00);

-- 出库单3: 五常大米 50kg, 从批次17(B20260401001, 300kg→250kg)扣减
INSERT INTO `outbound_items` (`id`, `outbound_id`, `batch_id`, `quantity`, `unit_price`) VALUES
(3, 3, 17, 50.00, 8.50);

-- 出库单4: 土豆 30kg, 从批次3(B20260520001, 150kg→120kg)扣减
INSERT INTO `outbound_items` (`id`, `outbound_id`, `batch_id`, `quantity`, `unit_price`) VALUES
(4, 4, 3,  30.00, 3.20);

-- 出库单5: 生抽酱油 5瓶, 从批次14(B20260301001, 80→75)扣减
INSERT INTO `outbound_items` (`id`, `outbound_id`, `batch_id`, `quantity`, `unit_price`) VALUES
(5, 5, 14, 5.00, 12.00);

-- 出库单6: 猪五花肉 20kg, 从批次8(B20260606002, 50→30)扣减
INSERT INTO `outbound_items` (`id`, `outbound_id`, `batch_id`, `quantity`, `unit_price`) VALUES
(6, 6, 8,  20.00, 25.00);

-- 出库单7: 鸡胸肉 15kg, 从批次11(B20260606003, 45→30)扣减
INSERT INTO `outbound_items` (`id`, `outbound_id`, `batch_id`, `quantity`, `unit_price`) VALUES
(7, 7, 11, 15.00, 18.00);

-- 出库单8: 五常大米 30kg, 从批次17(剩余250→220)扣减
INSERT INTO `outbound_items` (`id`, `outbound_id`, `batch_id`, `quantity`, `unit_price`) VALUES
(8, 8, 17, 30.00, 8.50);

-- 出库单9: 大白菜 20kg, 先从批次1(剩余40→20)扣减, 再从批次2扣减0
INSERT INTO `outbound_items` (`id`, `outbound_id`, `batch_id`, `quantity`, `unit_price`) VALUES
(9, 9, 1, 20.00, 2.50);

-- ---------------------------------------------
-- 盘点记录数据
-- ---------------------------------------------
INSERT INTO `stocktakes` (`id`, `stocktake_no`, `stocktake_date`, `operator`, `status`, `remark`) VALUES
(1, 'PD20260605001', '2026-06-05', 'admin',    'completed', '周盘点'),
(2, 'PD20260607001', '2026-06-07', 'operator', 'draft',     '临时抽盘');

-- ---------------------------------------------
-- 盘点明细数据
-- ---------------------------------------------
INSERT INTO `stocktake_items` (`id`, `stocktake_id`, `ingredient_id`, `system_quantity`, `actual_quantity`, `difference`, `remark`) VALUES
(1, 1, 1,  80.00,  78.00,  -2.00, '损耗2kg'),
(2, 1, 4,  250.00, 248.50, -1.50, '少量损耗'),
(3, 1, 9,  40.00,  40.00,  0.00,  '账实相符'),
(4, 1, 26, 450.00, 450.00, 0.00,  '账实相符'),
(5, 2, 6,  60.00,  58.50,  -1.50, '轻微腐烂'),
(6, 2, 15, 25.00,  24.00,  -1.00, '水产损耗');

-- ---------------------------------------------
-- 预警配置数据
-- ---------------------------------------------
INSERT INTO `warning_configs` (`id`, `ingredient_id`, `safety_stock`, `shelf_life_warning_days`, `operator`) VALUES
(1,  1,  50.00,  3,  'admin'),
(2,  4,  100.00, 7,  'admin'),
(3,  6,  40.00,  3,  'admin'),
(4,  9,  30.00,  2,  'admin'),
(5,  11, 20.00,  3,  'admin'),
(6,  15, 20.00,  1,  'admin'),
(7,  17, 15.00,  1,  'admin'),
(8,  26, 200.00, 60, 'admin'),
(9,  27, 150.00, 45, 'admin'),
(10, 30, 50.00,  7,  'admin');

-- ---------------------------------------------
-- 预警日志数据 (模拟一些预警)
-- ---------------------------------------------
INSERT INTO `warning_logs` (`id`, `ingredient_id`, `warning_type`, `warning_content`, `created_at`) VALUES
(1, 15, 'shelf_life', '草鱼批次B20260607002将在1天后过期, 当前库存25kg', '2026-06-07 08:00:00'),
(2, 17, 'shelf_life', '基围虾批次B20260607003将在1天后过期, 当前库存20kg', '2026-06-07 08:00:00'),
(3, 9,  'shelf_life', '猪里脊肉批次B20260606001将在2天后过期, 当前库存15kg', '2026-06-07 08:00:00'),
(4, 26, 'stock',      '五常大米当前库存220kg, 低于安全库存200kg阈值, 请及时补货', '2026-06-07 09:00:00');

SET FOREIGN_KEY_CHECKS = 1;
